  {
    "model": {
      "name": "meta-llama/Llama-2-7b-hf",
      "num_layers": 32,
      "hidden_size": 4096,
      "num_attention_heads": 32
    },
    "dataset": {
      "name": "wikitext",
      "config": "wikitext-2-raw-v1",
      "num_samples": 128,
      "max_length": 512
    },
    "method": "fisher",
    "sensitivity_scores": [
      0.9999994938532382,
      0.999999818153583,
      0.9999993706769601,
      0.9999993554793036,
      0.9999994173394953,
      0.9999993819603787,
      0.9999993438639194,
      0.9999993154804088,
      0.9999992930506778,
      0.9999992312100403,
      0.9999992439657035,
      0.9999992053847109,
      0.9999991668940993,
      0.9999991166471318,
      0.9999991081602957,
      0.9999991048791799,
      0.999999075286496,
      0.9992773048136314,
      0.9975302035680897,
      0.9956729221639762,
      0.9946052278761499,
      0.989961371055756,
      0.9905095723058821,
      0.9859727533340674,
      0.9873485189049234,
      0.9864480952501253,
      0.9849415015070235,
      0.978421548940446,
      0.9804142995332086,
      0.987756699275451,
      0.9999996764610302,
      0.9999993955306081
    ],
    "ranked_layers": [
      1,
      30,
      0,
      4,
      31,
      5,
      2,
      3,
      6,
      7,
      8,
      10,
      9,
      11,
      12,
      13,
      14,
      15,
      16,
      17,
      18,
      19,
      20,
      22,
      21,
      29,
      24,
      25,
      23,
      26,
      28,
      27
    ],
    "statistics": {
      "mean": 0.9955889729001872,
      "std": 0.006588404290848,
      "min": 0.978421548940446,
      "max": 0.999999818153583,
      "most_sensitive_layer": 1,
      "least_sensitive_layer": 27,
      "sensitivity_range": 1.0220541639097223
    },
    "gpu_info": {
      "device": "cuda",
      "name": "NVIDIA A100-SXM4-40GB",
      "memory_allocated_gb": 27.780235776
    }
  }